URL,Último rastreamento
https://santoscsolutions.com/?ND,2025-10-18
https://santoscsolutions.com/Index.html,2025-10-14
https://santoscsolutions.com/es/,2025-10-14
https://santoscsolutions.com/vinings-house-cleaning/,2025-10-14
https://santoscsolutions.com/guides/eco-friendly,2025-10-14
https://www.santoscsolutions.com/,2025-10-14
https://santoscsolutions.com/index.seo.html,2025-10-13
https://santoscsolutions.com/dunwoody-house-cleaning/,2025-10-13
https://santoscsolutions.com/book,2025-10-13
https://santoscsolutions.com/brookhaven-house-cleaning/,2025-10-13
https://santoscsolutions.com/guides/deep-cleaning,2025-10-13
https://santoscsolutions.com/areas/dunwoody/,2025-10-13
https://santoscsolutions.com/pt/,2025-10-12
https://santoscsolutions.com/guides/moving,2025-10-07
https://santoscsolutions.com/areas/atlanta,2025-10-07
https://santoscsolutions.com/marietta-house-cleaning/,2025-10-05
https://santoscsolutions.com/cgi-bin/,2025-09-18
https://santoscsolutions.com/areas/,2025-09-06
https://santoscsolutions.com/?SA,2025-09-02
https://santoscsolutions.com/?MA,2025-08-29
https://santoscsolutions.com/contact,2025-08-27
https://www.santoscsolutions.com/areas/marietta,2025-08-04