URL,Último rastreamento
https://santoscsolutions.com/buckhead-house-cleaning/,2025-10-18
https://santoscsolutions.com/?s=%7Bsearch_term_string%7D,2025-08-09
https://www.santoscsolutions.com/areas/sandy-springs,2025-08-04
https://santoscsolutions.com/legal/cancellation-policy,2025-07-30
https://santoscsolutions.com/_next/static/media/e4af272ccee01ff0-s.p.woff2,2025-07-30
https://santoscsolutions.com/assets/galeria/?MD,2025-07-17
https://santoscsolutions.com/assets/galeria/?SA,2025-07-16
https://santoscsolutions.com/assets/galeria/?ND,2025-07-16
https://santoscsolutions.com/assets/galeria/?SD,2025-07-14
https://santoscsolutions.com/assets/galeria/?MA,2025-07-14