URL,Último rastreamento
http://santoscsolutions.com/,2025-10-17
http://www.santoscsolutions.com/,2025-10-14
http://santoscsolutions.com/book,2025-10-13
https://santoscsolutions.com/areas/alpharetta,2025-09-27
https://santoscsolutions.com/services,2025-09-07
https://santoscsolutions.com/areas,2025-09-06
https://santoscsolutions.com/areas/johns-creek,2025-08-23
https://santoscsolutions.com/areas/smyrna,2025-08-21
https://santoscsolutions.com/areas/dunwoody,2025-08-19
https://www.santoscsolutions.com/areas/buckhead,2025-08-10
https://santoscsolutions.com/areas/brookhaven,2025-08-10
https://santoscsolutions.com/areas/druid-hills,2025-08-10
https://santoscsolutions.com/areas/vinings,2025-08-10
https://www.santoscsolutions.com/politicas-legais,2025-07-16